LotArea,OverallQual,OverallCond,TotalBsmtSF,FullBath,HalfBath,BedroomAbvGr,TotRmsAbvGrd,Fireplaces,GarageArea,SalePrice,Categoria
8450,7,5,856,2,1,3,8,0,548,208500,2
9600,6,8,1262,2,0,3,6,1,460,181500,2
11250,7,5,920,2,1,3,6,1,608,223500,2
9550,7,5,756,1,0,3,7,1,642,140000,2
14260,8,5,1145,2,1,4,9,1,836,250000,3
14115,5,5,796,1,1,1,5,0,480,143000,2
10084,8,5,1686,2,0,3,7,1,636,307000,3
10382,7,6,1107,2,1,3,7,2,484,200000,2
6120,7,5,952,2,0,2,8,2,468,129900,2
7420,5,6,991,1,0,2,5,2,205,118000,2
11200,5,5,1040,1,0,3,5,0,384,129500,2
11924,9,5,1175,3,0,4,11,2,736,345000,3
12968,5,6,912,1,0,2,4,0,352,144000,2
10652,7,5,1494,2,0,3,7,1,840,279500,3
10920,6,5,1253,1,1,2,5,1,352,157000,2
6120,7,8,832,1,0,2,5,0,576,132000,2
11241,6,7,1004,1,0,2,5,1,480,149000,2
10791,4,5,0,2,0,2,6,0,516,90000,1
13695,5,5,1114,1,1,3,6,0,576,159000,2
7560,5,6,1029,1,0,3,6,0,294,139000,2
14215,8,5,1158,3,1,4,9,1,853,325300,3
7449,7,7,637,1,0,3,6,1,280,139400,2
9742,8,5,1777,2,0,3,7,1,534,230000,2
4224,5,7,1040,1,0,3,6,1,572,129900,2
8246,5,8,1060,1,0,3,6,1,270,154000,2
14230,8,5,1566,2,0,3,7,1,890,256300,3
7200,5,7,900,1,0,3,5,0,576,134800,2
11478,8,5,1704,2,0,3,7,1,772,306000,3
16321,5,6,1484,1,0,2,6,2,319,207500,2
6324,4,6,520,1,0,1,4,0,240,68500,1
8500,4,4,649,1,0,3,6,0,250,40000,1
8544,5,6,1228,1,1,3,6,0,271,149350,2
11049,8,5,1234,2,0,3,7,0,484,179900,2
10552,5,5,1398,1,1,4,6,1,447,165500,2
7313,9,5,1561,2,0,2,6,1,556,277500,3
13418,8,5,1117,3,1,4,9,1,691,309000,3
10859,5,5,1097,1,1,3,6,0,672,145000,2
8532,5,6,1297,1,0,3,5,1,498,153000,2
7922,5,7,1057,1,0,3,5,0,246,109000,1
6040,4,5,0,2,0,2,6,0,0,82000,1
8658,6,5,1088,2,0,3,6,1,440,160000,2
16905,5,6,1350,1,1,2,5,2,308,170000,2
9180,5,7,840,1,0,2,5,0,504,144000,2
9200,5,6,938,1,0,3,5,0,308,130250,2
7945,5,6,1150,1,0,3,6,0,300,141000,2
7658,9,5,1752,2,0,2,6,1,576,319900,3
12822,7,5,1434,1,1,1,6,1,670,239686,3
11096,8,5,1656,2,0,3,7,0,826,249700,3
4456,4,5,736,2,0,2,8,0,0,113000,1
7742,5,7,955,1,0,3,6,0,386,127000,2
13869,6,6,794,2,0,3,6,0,388,177000,2
6240,6,6,816,1,0,3,6,1,528,114500,1
8472,5,5,816,1,0,2,5,0,516,110000,1
50271,9,5,1842,0,1,0,5,1,894,385000,3
7134,5,5,384,1,0,3,6,1,572,130000,2
10175,6,5,1425,2,0,3,7,1,576,180500,2
2645,8,5,970,2,1,3,7,0,480,172500,2
11645,7,5,860,2,1,3,7,0,565,196500,2
13682,10,5,1410,3,1,3,10,1,641,438780,3
7200,5,7,780,1,0,2,4,0,352,124900,2
13072,6,5,1158,1,1,3,5,0,576,158000,2
7200,5,7,530,1,0,3,6,0,288,101000,1
6442,8,5,1370,2,0,2,6,1,484,202500,2
10300,7,6,576,2,0,3,9,0,480,140000,2
9375,7,5,1057,2,1,3,8,0,645,219500,2
9591,8,5,1143,2,1,4,9,1,852,317000,3
19900,7,5,1947,2,0,3,7,1,576,180000,2
10665,7,5,1453,2,0,3,7,0,558,226000,2
4608,4,6,747,1,0,2,4,0,220,80000,1
15593,7,4,1304,2,0,3,7,1,667,225000,2
13651,7,6,2223,2,0,3,8,2,516,244000,3
7599,4,6,845,1,0,2,4,0,360,129500,2
10141,7,5,832,2,1,3,7,1,427,185000,2
10200,5,7,1086,1,0,3,6,0,490,144900,2
5790,3,6,840,2,0,3,8,0,379,107400,1
1596,4,5,462,1,0,2,5,0,297,91000,1
8475,4,7,952,1,0,2,4,0,283,135750,2
8635,5,5,672,1,0,2,6,0,240,127000,2
10778,4,5,1768,2,0,4,8,0,0,136500,2
10440,5,6,440,1,1,2,5,0,440,110000,1
13000,6,6,896,2,1,4,8,1,509,193500,2
4500,6,5,1237,2,0,2,5,0,405,153500,2
10206,8,5,1563,2,0,3,6,1,758,245000,3
8892,5,5,1065,1,1,3,6,0,461,126500,2
8530,7,5,384,2,1,3,7,1,400,168500,2
16059,8,5,1288,2,1,4,9,1,462,260000,3
11911,6,5,684,2,1,3,6,1,400,174000,2
3951,6,5,612,2,1,2,4,0,528,164500,2
8470,3,2,1013,1,0,2,6,0,0,85000,1
8070,4,5,990,1,0,3,5,0,0,123600,2
7200,4,5,0,1,0,2,4,0,420,109900,1
8500,5,3,1235,1,0,2,6,0,480,98600,1
13360,5,7,876,1,0,2,5,0,432,163500,2
7200,6,6,1214,2,0,4,9,1,506,133900,2
9337,6,5,824,2,1,3,7,0,684,204750,2
9765,6,8,680,2,1,3,6,1,420,185000,2
10264,7,5,1588,2,0,3,6,0,472,214000,2
10921,4,5,960,1,0,3,6,0,432,94750,1
10625,5,5,458,1,0,2,5,0,366,83000,1
9320,4,5,950,1,1,3,6,0,0,128950,2
10603,6,7,1610,2,0,3,6,2,480,205000,2
9206,6,5,741,2,1,3,7,1,476,178000,2
7018,5,5,0,2,0,4,8,0,410,118964,2
10402,7,5,1226,2,0,3,6,0,740,198900,2
7758,7,4,1040,1,1,4,7,2,240,169500,2
9375,8,5,1053,2,1,3,9,1,648,250000,3
10800,4,7,641,1,0,2,6,0,273,100000,1
6000,5,5,789,1,0,2,5,0,250,115000,1
8500,5,7,793,2,0,3,7,0,0,115000,1
11751,6,6,1844,2,0,3,7,1,546,190000,2
9525,6,4,994,2,0,4,7,0,325,136900,2
7750,7,5,384,2,1,3,7,1,400,180000,2
9965,7,5,1264,2,1,4,10,1,792,383970,3
21000,6,5,1809,2,0,3,7,2,450,217000,2
7259,6,8,1028,2,1,3,9,1,180,259500,3
3230,6,5,729,2,1,2,5,1,440,176000,2
11616,5,5,1092,1,0,3,6,1,288,139000,2
8536,5,5,1125,1,1,2,5,0,430,155000,2
12376,7,5,1673,3,0,5,11,2,594,320000,3
8461,6,5,728,2,1,3,8,1,390,163990,2
21453,6,5,938,1,0,1,4,2,540,180000,2
6060,4,5,732,1,0,3,4,0,264,100000,1
9464,6,7,1080,1,0,3,5,0,288,136000,2
7892,6,5,1199,2,0,2,5,0,530,153900,2
17043,6,5,1362,2,0,3,7,1,435,181000,2
6780,6,8,520,1,0,2,5,0,0,84500,1
4928,6,5,1078,2,0,2,5,1,440,128000,2
4388,5,7,672,1,0,3,5,1,0,87000,1
7590,6,5,660,1,1,3,6,1,453,155000,2
8973,5,7,1008,1,1,3,6,0,750,150000,2
14200,7,6,924,2,1,4,8,2,487,226000,2
12224,6,5,992,2,1,3,7,1,390,244000,3
7388,5,6,1063,1,0,3,7,0,624,150750,2
6853,8,5,1267,2,0,2,6,0,471,220000,2
10335,5,6,1461,2,1,3,7,1,440,180000,2
10400,7,6,1304,2,0,3,7,1,530,174000,2
10355,5,5,1214,2,0,3,5,1,318,143000,2
11070,7,5,1907,3,0,5,9,0,766,171000,2
9066,8,5,1004,2,1,3,7,2,660,230000,2
15426,6,5,928,2,1,3,7,0,470,231500,3
10500,4,5,864,1,0,3,5,1,0,115000,1
11645,7,5,1734,2,0,3,7,0,660,260000,3
8520,5,4,910,2,0,4,6,0,720,166000,2
10335,7,5,1490,2,0,3,6,0,577,204000,2
9100,5,5,1728,2,0,6,10,0,504,125000,2
2522,6,5,970,2,0,3,7,0,380,130000,2
6120,5,7,715,1,0,2,5,0,180,105000,1
9505,7,5,884,2,1,3,8,1,434,222500,2
7500,7,5,1080,1,0,3,6,0,0,141000,2
6240,5,4,896,1,0,3,7,0,240,115000,1
10356,5,6,969,1,1,3,5,0,440,122000,2
13891,8,5,1710,2,0,2,6,1,866,372402,3
14803,6,5,825,2,1,4,8,1,495,190000,2
13500,6,7,1602,1,0,1,4,1,564,235000,3
11340,6,5,1200,1,0,4,7,0,312,125000,2
9600,6,5,572,1,0,2,5,0,0,79000,1
7200,5,7,0,1,0,2,5,0,625,109500,1
12003,8,5,774,2,1,4,8,1,680,269500,3
12552,7,5,991,2,1,3,8,1,678,254900,3
19378,7,5,1392,2,1,4,9,1,576,320000,3
11120,6,6,1232,2,0,3,6,0,516,162500,2
13688,9,5,1572,2,1,3,10,2,726,412500,3
12182,7,5,1541,2,0,3,7,1,532,220000,2
5500,4,6,882,1,0,1,4,0,0,103200,1
5400,6,7,1149,2,0,3,5,0,216,152000,2
10106,5,7,644,2,0,4,6,0,0,127500,2
10708,5,5,1617,1,0,2,7,3,303,190000,2
10562,8,5,1582,1,1,3,8,1,789,325624,3
8244,7,5,840,2,1,3,7,1,440,183500,2
16669,8,6,1686,2,1,2,6,1,511,228000,2
12358,5,6,720,1,1,2,7,0,660,128500,2
31770,6,5,1080,1,0,3,7,2,528,215000,2
5306,7,7,1064,2,0,2,5,1,504,239000,3
10197,6,5,1362,1,1,3,6,1,504,163000,2
12416,6,5,1606,2,0,3,7,1,616,184000,2
12615,6,7,1202,2,0,4,7,1,576,243000,3
10029,6,5,1151,2,1,4,8,1,521,211000,2
13650,5,5,1052,2,0,4,8,1,451,172500,2
17423,9,5,2216,2,0,1,9,1,1166,501837,3
8520,5,6,968,1,0,2,5,0,480,100000,1
2117,6,5,756,2,1,3,5,1,440,177000,2
7588,7,6,793,1,1,4,9,1,216,200100,2
9060,5,6,0,1,0,3,7,1,252,120000,2
11426,7,5,1362,2,1,3,6,0,484,200000,2
7438,5,8,504,1,0,3,5,0,576,127000,2
22950,10,9,1107,2,1,4,12,2,840,475000,3
9947,7,5,1188,2,0,3,6,0,497,173000,2
10410,5,7,660,2,1,3,8,0,180,135000,2
7018,5,5,1086,0,2,2,6,2,528,153337,2
4923,8,5,1593,1,1,0,5,1,682,286000,3
10570,8,8,853,2,1,3,10,2,440,315000,3
7472,7,9,725,1,1,4,7,0,484,184000,2
9017,7,5,1431,2,0,3,6,0,666,192000,2
2522,7,5,970,2,0,3,7,0,380,130000,2
7180,5,7,864,1,0,3,5,0,352,127000,2
2280,6,6,855,2,1,3,7,1,440,148500,2
9416,7,5,1726,2,0,3,8,1,786,311872,3
25419,8,4,1360,2,0,4,8,1,795,235000,3
5520,6,6,755,1,0,5,8,0,0,104000,1
9591,8,5,1713,2,0,3,7,1,856,274900,3
8546,4,5,1121,2,0,2,5,0,440,140000,2
10125,6,6,1196,2,0,3,6,2,473,171500,2
7000,6,6,617,2,0,2,6,0,398,112000,1
4438,6,5,848,1,0,1,3,1,420,149000,2
3500,5,7,720,1,1,2,5,0,240,110000,1
11851,7,5,1424,2,0,3,5,0,500,180500,2
13673,5,5,1140,1,1,3,8,1,349,143900,2
12493,4,5,1100,1,0,3,6,1,312,141000,2
14364,7,5,1157,2,1,3,7,1,454,277000,3
8250,6,7,1092,1,0,3,6,0,504,145000,2
5604,5,6,864,1,0,2,5,0,0,98000,1
10420,6,5,1212,2,0,3,6,0,460,186000,2
8640,7,5,900,2,1,3,7,1,644,252678,3
13568,5,5,990,1,0,3,5,0,576,156000,2
10900,6,7,689,1,1,3,6,0,299,161750,2
10011,5,6,1070,1,0,2,6,1,447,134450,2
8450,7,5,1436,2,0,3,8,0,484,210000,2
9906,4,4,686,1,0,3,8,0,210,107000,1
15660,7,9,798,1,1,3,8,2,431,311500,3
3010,7,5,1248,2,0,2,5,0,438,167240,2
8990,7,5,1498,2,0,2,5,0,675,204900,2
8068,6,5,1010,2,1,4,8,1,390,200000,2
11475,6,6,713,2,1,3,6,1,434,179900,2
10500,4,6,864,1,0,2,4,0,576,97000,1
13472,10,5,2392,2,0,3,8,1,968,386250,3
1680,5,5,630,2,1,3,6,0,280,112000,1
9950,7,5,1203,2,1,4,9,1,721,290000,3
1869,6,6,483,1,1,2,5,0,280,106000,1
8521,5,5,912,1,0,3,5,1,336,125000,2
3182,7,5,1373,2,0,2,7,1,430,192500,2
8760,6,6,1194,1,0,3,6,0,312,148000,2
15138,8,5,1462,2,1,4,9,1,810,403000,3
1680,6,5,483,1,1,2,5,1,288,94500,1
10650,5,6,894,1,0,3,5,0,308,128200,2
7851,6,5,860,2,1,4,8,2,440,216500,2
1680,6,3,483,1,1,2,5,0,264,89500,1
8773,7,5,1414,2,0,3,6,0,494,185500,2
9453,7,7,996,2,1,3,7,0,457,194500,2
12030,8,5,1694,2,0,3,7,0,818,318000,3
8741,6,4,735,1,1,3,7,1,220,113000,1
9000,8,5,1566,2,0,3,7,0,750,262500,3
3880,5,9,686,1,0,2,4,0,0,110500,1
5000,5,4,540,1,0,3,6,0,352,79000,1
10762,6,6,626,1,1,3,6,1,288,120000,2
8880,7,5,948,2,1,3,8,2,463,205000,2
10400,7,5,1845,2,0,3,6,1,604,241500,3
9142,6,8,1020,2,0,4,9,0,440,137000,2
11310,6,5,1367,1,0,2,5,1,451,140000,2
11317,7,5,840,2,1,3,8,0,500,180000,2
159000,6,7,1444,2,0,4,7,2,389,277000,3
5350,3,2,728,1,0,3,6,0,0,76500,1
4750,8,5,1573,2,0,2,5,1,538,235000,3
8366,6,5,798,2,1,3,6,0,520,173000,2
9350,6,7,1302,2,0,3,7,0,309,158000,2
8400,5,6,1314,1,0,3,5,0,294,145000,2
8738,7,5,975,2,1,4,8,1,429,230000,2
8791,6,5,864,2,1,3,7,0,673,207500,2
8814,7,5,1604,2,1,3,8,1,660,220000,2
12435,7,5,963,2,1,3,7,1,564,231500,3
12702,5,5,0,1,0,2,4,0,308,97000,1
19296,6,5,1362,1,0,3,6,1,884,176000,2
9588,8,5,1482,2,1,3,10,1,868,276000,3
8471,6,7,506,1,0,3,6,1,492,151000,2
5500,5,7,926,1,0,3,6,0,484,130000,2
5232,5,5,680,1,0,2,4,0,504,73000,1
12090,6,6,1422,2,0,3,7,1,576,175500,2
11207,6,5,802,2,1,3,8,1,413,185000,2
8400,5,8,720,2,1,4,8,1,240,179500,2
6900,5,6,740,1,0,2,4,1,924,120500,2
7917,6,7,1143,1,1,3,6,1,504,148000,2
10728,8,5,1095,2,1,3,8,1,1053,266000,3
39104,7,7,1385,1,0,2,5,2,439,241500,3
11764,8,7,1152,2,1,4,9,1,671,290000,3
9600,6,6,1240,2,0,3,6,1,338,139000,2
8314,5,7,816,1,0,2,5,0,264,124500,2
7264,7,7,952,2,1,3,5,0,672,205000,2
9196,7,5,1560,2,0,3,7,0,573,201000,2
19138,4,5,864,1,0,2,4,0,400,141000,2
14450,9,5,2121,2,1,3,8,1,732,415298,3
10005,7,5,1160,2,1,4,8,1,505,192000,2
11287,7,6,807,2,1,3,7,1,575,228500,2
7200,6,5,1262,2,0,2,5,0,572,185000,2
5063,7,5,1314,2,0,2,6,1,626,207500,2
9612,8,5,1468,2,0,3,6,1,898,244600,3
8012,6,5,1575,2,0,2,5,0,529,179200,2
4251,7,5,625,2,1,2,5,0,528,164700,2
9786,6,7,912,1,1,3,7,1,440,159000,2
8125,4,4,858,1,0,3,5,0,0,88000,1
9819,5,5,882,1,0,3,5,0,280,122000,2
8730,6,7,698,1,0,3,7,0,384,153575,2
15611,8,5,1079,2,1,3,8,1,685,233230,3
5687,5,6,780,2,0,6,9,0,0,135900,2
11409,5,4,768,1,1,3,8,1,281,131000,2
16659,7,7,795,2,1,3,9,1,539,235000,3
9600,6,5,1416,1,0,3,7,2,418,167000,2
7937,6,6,1003,1,0,3,6,0,588,142500,2
13710,5,5,910,1,1,4,6,0,282,152000,2
7399,7,5,975,2,1,3,7,1,576,239000,3
11700,6,6,702,1,2,3,7,1,539,175000,2
14000,6,8,1092,1,0,3,6,1,300,158500,2
15750,5,5,1165,1,0,2,5,2,375,157000,2
16226,8,5,1028,2,1,4,9,1,683,267000,3
13704,7,5,1541,2,0,3,6,1,843,205000,2
9800,5,7,894,1,0,3,5,0,552,149900,2
18386,7,9,1470,3,0,3,10,1,870,295000,3
10386,8,5,2000,2,0,3,8,0,888,305900,3
13474,7,5,700,2,1,4,8,1,746,225000,2
7920,6,7,319,1,0,3,6,0,0,89500,1
12342,4,5,861,1,0,1,4,0,539,82500,1
12378,9,5,1896,2,0,3,8,3,708,360000,3
7685,6,5,697,2,1,3,6,1,420,165600,2
8000,6,6,972,1,0,2,5,1,240,132000,2
7800,5,7,793,1,0,3,5,1,410,119900,2
215245,7,5,2136,2,0,3,8,2,513,375000,3
9600,7,7,728,1,1,3,6,1,546,178000,2
7795,7,5,716,2,1,3,6,1,432,188500,2
13005,7,7,845,2,1,4,10,1,484,260000,3
9000,8,5,1088,2,1,3,8,1,1025,270000,3
9900,7,5,1347,2,1,4,9,1,656,260000,3
14115,7,5,1372,2,0,3,6,2,588,187500,2
16259,9,5,1249,3,1,4,9,0,840,342643,3
12099,8,5,1136,2,1,4,10,1,872,354000,3
10380,7,5,1502,2,1,4,8,1,576,301000,3
5820,3,8,1162,1,0,3,6,0,220,126175,2
11275,7,7,710,2,1,5,11,1,564,242000,3
5000,5,6,720,1,0,2,5,0,360,87000,1
10846,8,5,1719,1,1,1,6,2,473,324000,3
11600,6,5,1383,1,1,3,7,0,292,145250,2
11888,6,6,844,2,0,5,10,0,441,214500,2
6402,5,5,596,1,0,3,6,0,189,78000,1
10624,5,4,1728,2,0,6,10,0,352,119000,2
8176,5,6,1056,1,0,3,6,0,308,139000,2
10655,8,5,3206,2,0,3,7,1,880,284000,3
8198,7,5,1358,2,0,2,6,1,484,207000,2
9042,6,5,943,2,1,3,7,2,472,192000,2
164660,5,6,1499,2,0,3,7,2,529,228950,2
14157,9,5,1922,2,0,3,8,1,676,377426,3
9135,7,5,1536,2,0,3,7,0,532,214000,2
14145,7,7,1208,2,0,3,8,0,440,202500,2
12400,6,7,1215,1,0,3,6,0,297,155000,2
14191,8,5,967,2,1,4,9,0,431,202900,2
8400,4,4,721,1,0,2,4,0,294,82000,1
8544,3,4,0,2,0,2,6,0,400,87500,1
8849,9,5,1684,2,0,2,6,1,564,266000,3
2592,5,3,536,1,1,3,4,0,336,85000,1
6435,6,5,972,1,0,3,6,1,312,140200,2
12772,6,8,958,1,0,2,5,0,301,151500,2
17600,6,5,1478,2,0,3,6,2,498,157500,2
2448,7,5,764,2,1,2,6,0,474,154000,2
20431,9,5,1848,2,1,4,10,2,706,437154,3
7820,9,5,1869,2,0,2,6,1,617,318061,3
5271,7,5,1453,1,1,2,6,1,445,190000,2
9084,5,6,616,1,0,3,5,0,200,95000,1
8520,6,8,624,1,0,2,5,0,484,105900,1
8400,6,5,940,1,0,2,6,2,240,140000,2
11249,6,5,1200,2,0,3,6,0,521,177500,2
9248,6,6,1158,2,0,3,6,0,400,173000,2
4224,5,5,1142,1,1,3,6,1,528,134000,2
6930,5,4,1062,1,0,3,6,0,288,130000,2
12011,8,5,1086,2,1,3,7,1,592,280000,3
7540,6,6,888,1,0,2,5,1,470,156000,2
9144,5,5,883,1,0,3,8,0,240,145000,2
7301,7,5,0,3,0,4,7,1,672,198500,2
1680,6,8,483,1,1,2,5,0,264,118000,2
18800,6,5,796,2,1,3,6,1,566,190000,2
10690,5,7,672,1,0,3,6,0,468,147000,2
9500,6,5,1394,1,1,3,6,2,514,159000,2
9150,6,5,1099,1,0,3,6,1,296,165000,2
7800,5,6,1268,1,0,2,7,1,244,132000,2
9830,5,7,1063,1,0,3,7,1,576,162000,2
8121,6,5,953,2,1,3,7,1,460,172400,2
17120,4,4,0,2,0,4,7,1,680,134432,2
7175,6,5,744,1,0,2,4,0,264,125000,2
10634,5,6,608,1,0,3,5,0,270,123000,2
8200,7,5,847,2,1,4,8,1,434,219500,2
10020,1,1,683,0,1,1,4,0,0,61000,1
8846,5,5,870,1,0,2,5,0,576,148000,2
11143,8,5,1580,3,0,4,8,1,610,340000,3
11394,9,2,1856,1,1,1,8,1,834,394432,3
8123,6,5,982,2,1,3,7,1,463,179000,2
5000,5,6,1026,2,0,3,6,1,308,127000,2
7200,7,5,1293,2,0,2,5,1,572,187750,2
9245,7,5,939,2,1,3,8,0,639,213500,2
9000,6,3,784,1,0,2,5,0,360,76000,1
53107,6,5,1580,2,1,3,9,2,501,240000,3
3182,8,5,1256,2,0,2,6,1,430,192000,2
8410,5,3,658,1,0,5,8,0,0,81000,1
7200,6,6,1041,1,0,3,6,1,352,125000,2
9382,7,5,1468,2,0,3,6,0,577,191000,2
12474,10,5,1682,2,1,3,9,1,846,426000,3
8405,5,8,861,1,0,4,7,0,384,119000,2
12209,6,5,804,2,1,3,7,1,560,215000,2
8339,5,7,0,1,0,3,5,0,294,106500,1
7446,4,5,788,1,0,2,4,2,0,100000,1
10134,5,6,735,1,0,2,5,0,240,109000,1
9571,5,6,1144,1,0,3,6,0,596,129000,2
7200,5,5,894,1,0,2,6,0,600,123000,2
7590,5,5,864,2,0,4,8,1,264,169500,2
8967,5,2,961,1,0,2,6,0,338,67000,1
8125,7,5,1092,2,0,2,7,0,438,241000,3
14963,8,5,1260,1,1,1,4,2,500,245500,3
8767,7,5,1310,2,0,3,6,1,400,164990,2
10200,5,8,672,1,0,2,4,0,240,108000,1
12090,8,5,1141,2,1,4,10,1,420,258000,3
10364,6,5,806,2,1,3,7,1,373,168000,2
9991,4,4,1281,2,0,3,8,1,490,150000,2
10480,6,5,1064,1,0,3,6,0,240,115000,1
15576,6,7,840,2,0,4,8,0,308,177000,2
14154,7,5,1063,2,1,3,9,1,947,280000,3
10800,8,5,1034,2,1,3,8,1,836,339750,3
9571,5,3,1276,1,0,3,5,0,350,60000,1
34650,5,5,1056,1,0,3,5,0,572,145000,2
4403,7,5,1470,2,1,2,7,1,484,222000,2
8960,5,6,1008,1,0,2,5,1,360,115000,1
11228,7,5,1080,2,1,3,9,1,678,228000,2
8899,7,5,1340,2,0,3,6,0,396,181134,2
7844,6,7,672,1,1,3,6,1,440,149500,2
22420,6,6,1370,2,1,4,10,1,864,239000,3
8160,5,6,756,1,1,3,7,0,240,126000,2
8450,5,6,1056,1,0,3,6,1,304,142000,2
7060,7,5,1344,2,0,2,8,0,784,206300,2
16635,6,7,1602,2,0,3,8,1,529,215000,2
21750,5,5,988,1,0,2,4,0,520,113000,1
9200,8,5,1470,2,1,4,8,1,696,315000,3
9000,6,5,1196,1,0,2,6,1,297,139000,2
3378,7,8,651,1,1,3,6,2,240,135000,2
12800,7,5,1518,2,0,2,5,1,569,275000,3
8593,4,6,907,1,0,3,5,0,352,109008,1
6762,7,5,1208,2,0,2,6,0,628,195400,2
11457,6,5,1392,2,0,3,6,1,576,175000,2
1680,6,5,483,1,1,2,4,0,264,85400,1
5586,6,7,901,1,0,4,7,0,0,79900,1
1920,5,5,765,1,1,2,6,0,440,122500,2
10839,6,5,926,2,1,3,7,1,470,181000,2
1890,4,7,630,1,0,1,3,0,0,81000,1
10667,7,6,799,2,1,3,6,1,550,212000,2
4400,6,8,648,1,0,2,6,0,440,116000,1
6000,6,7,884,1,0,2,4,0,180,119000,2
4280,5,6,440,1,0,2,4,1,352,90350,1
12354,6,8,684,1,0,3,7,0,528,110000,1
15431,10,5,3094,2,0,2,10,2,672,555000,3
12108,4,4,1440,2,0,4,8,0,0,118000,2
6240,5,7,1078,2,0,3,8,1,360,162900,2
3922,7,5,1258,2,0,2,6,1,648,172500,2
8750,7,5,915,2,1,4,8,1,493,210000,2
9855,6,5,1436,1,0,3,7,1,480,127500,2
16492,6,6,1517,2,1,2,6,1,578,190000,2
11214,7,5,930,2,1,4,10,1,431,199900,2
8600,6,6,780,2,0,3,7,1,198,119500,2
6000,3,7,649,1,1,2,6,0,308,120000,2
5684,6,8,813,1,0,2,5,0,270,110000,1
70761,7,5,1533,2,0,2,5,2,576,280000,3
9303,6,5,872,2,1,3,7,0,422,204000,2
9000,8,5,768,2,1,3,6,0,676,210000,2
9297,5,5,1728,2,0,4,8,0,560,188000,2
9600,7,6,1242,1,1,3,6,1,528,175500,2
4571,5,5,624,1,0,4,7,0,513,98000,1
53227,4,6,1364,1,0,2,6,2,529,256000,3
5100,8,7,588,1,0,3,7,1,228,161000,2
7015,5,4,709,1,0,3,5,1,352,110000,1
8004,8,5,832,2,1,3,8,0,552,263435,3
7200,7,9,560,1,0,3,6,0,576,155000,2
8281,5,5,864,1,0,3,5,1,360,62383,1
11988,6,7,715,1,1,3,6,1,240,188700,2
8430,5,5,1040,2,0,3,5,0,0,124000,2
3072,7,5,1375,2,0,2,6,1,398,178740,2
10628,7,5,1277,1,0,2,5,1,526,167000,2
9480,5,7,728,1,1,3,7,2,312,146500,2
11428,8,5,1626,2,0,3,7,1,866,250000,3
9291,6,5,832,2,1,3,7,0,506,187000,2
6820,8,5,1488,1,1,1,4,0,528,212000,2
11952,7,6,808,2,1,3,8,1,534,190000,2
3675,6,5,547,1,0,2,5,0,525,148000,2
14977,8,5,1976,2,0,2,7,1,908,440000,3
5330,8,5,1494,2,0,2,6,0,499,251000,3
8480,5,6,970,1,0,2,5,0,624,132500,2
13125,6,5,1478,2,0,3,7,1,508,208900,2
13693,9,5,2153,2,1,3,9,1,694,380000,3
10637,8,5,1705,2,0,3,7,1,826,297000,3
5925,4,7,907,1,0,2,7,0,672,89471,1
16033,9,5,1833,2,0,3,8,1,772,326000,3
11846,9,5,1792,2,0,2,6,1,874,374000,3
2500,7,8,910,1,1,4,7,1,164,155000,2
4500,6,5,1216,2,0,2,5,0,402,164000,2
7758,5,7,999,1,0,3,6,0,264,132500,2
9600,5,7,1113,1,0,3,5,1,264,147000,2
10289,5,7,1073,1,1,3,6,0,515,156000,2
12243,5,6,1484,2,0,3,7,1,487,175000,2
10800,5,4,954,2,0,3,10,1,520,160000,2
1526,4,8,630,1,0,1,3,0,286,86000,1
2665,5,6,264,1,1,3,4,1,336,115000,1
9490,6,7,806,1,0,3,5,2,240,133000,2
15578,6,5,728,2,1,3,8,0,429,172785,2
7931,5,6,1269,1,1,3,6,1,308,155000,2
5784,5,8,190,1,0,2,4,0,273,91300,1
7879,4,5,720,1,0,2,4,0,0,34900,1
12692,8,5,3200,3,0,4,10,1,546,430000,3
9120,7,6,1026,2,0,4,8,0,240,184000,2
7800,5,7,864,1,0,3,5,0,288,130000,2
7535,5,7,912,1,0,2,5,0,297,120000,2
1890,6,5,672,1,1,3,7,0,264,113000,1
9803,7,5,866,2,1,3,7,0,603,226700,2
9170,5,7,1214,1,0,2,6,0,461,140000,2
15602,7,8,1501,2,0,1,6,2,484,289000,3
2308,6,5,855,2,1,3,6,1,440,147000,2
7596,5,5,960,2,0,4,10,0,400,124500,2
9554,8,5,777,2,1,3,8,1,471,215000,2
7862,6,5,1218,2,0,2,4,0,676,208300,2
9600,7,9,689,2,0,3,7,1,360,161000,2
9600,5,6,1041,1,0,3,6,0,270,124500,2
14559,5,7,1008,1,0,2,6,2,288,164900,2
6792,7,5,1368,2,0,2,6,1,474,202665,2
9100,5,5,864,1,0,3,5,0,624,129900,2
9187,6,5,1084,1,1,3,5,0,484,134000,2
10594,5,5,768,1,0,2,5,0,200,96500,1
12220,10,5,2006,2,1,3,9,1,900,402861,3
10448,6,6,689,2,1,3,7,1,583,158000,2
10208,7,5,1264,2,1,3,7,1,889,265000,3
9531,6,5,794,2,1,3,7,0,546,211000,2
10918,7,9,1276,1,1,3,9,2,282,234000,3
10800,4,7,0,2,0,3,7,0,0,106250,1
11988,6,6,1244,1,1,3,6,2,336,150000,2
5000,6,7,1004,2,0,3,7,2,420,159000,2
40094,10,5,3138,3,1,3,11,1,884,184750,2
11787,7,5,1379,2,1,3,8,1,834,315750,3
7500,7,5,1257,2,0,3,6,1,453,176000,2
13300,5,7,928,1,0,2,4,0,252,132000,2
14948,9,5,1452,2,1,3,11,1,858,446261,3
9098,4,7,528,1,0,2,5,0,0,86000,1
32668,6,3,2035,3,0,4,9,2,484,200624,2
10200,6,5,1461,2,0,3,5,1,600,175000,2
6155,6,8,611,2,0,3,6,0,502,128000,2
7200,5,7,0,1,0,2,5,1,392,107500,1
5000,1,3,0,1,0,1,2,0,0,39300,1
9056,8,5,707,2,1,3,6,1,403,178000,2
7000,5,7,1117,1,0,3,5,0,0,107500,1
8924,7,5,880,2,1,3,8,0,527,188000,2
12735,4,5,864,1,0,3,5,0,576,111250,1
11553,5,5,1051,1,1,3,7,1,336,158000,2
11423,8,5,1581,2,0,3,6,1,670,272000,3
14601,9,5,1838,2,0,2,8,1,765,315000,3
11000,8,5,969,2,1,4,8,1,648,248000,3
10140,7,5,1650,2,0,3,7,1,583,213250,2
4058,7,5,723,1,0,1,4,0,367,133000,2
17104,7,5,654,2,1,3,7,1,426,179665,2
13837,7,5,1204,2,1,4,9,0,786,229000,2
8737,6,7,1065,1,1,3,6,1,440,210000,2
7244,5,7,768,1,0,2,5,0,624,129500,2
8235,5,7,825,1,0,2,4,0,720,125000,2
9375,7,5,912,2,1,4,8,1,615,263000,3
4043,6,6,1069,2,0,2,4,0,440,140000,2
6000,5,6,928,1,0,3,5,0,288,112500,1
11146,8,5,1709,2,0,3,7,1,908,255500,3
8777,4,5,0,2,0,2,5,0,520,108000,1
10625,7,5,998,2,1,3,8,1,871,284000,3
6380,5,6,993,1,0,2,5,1,280,113000,1
14850,5,5,1092,1,0,2,6,1,299,141000,2
11040,4,6,637,1,1,3,7,0,570,108000,1
21872,7,5,729,2,1,3,6,1,406,175000,2
3196,7,5,1374,2,0,2,7,1,420,234000,3
11341,5,6,1392,1,1,3,5,1,528,121500,2
10010,5,5,1389,1,0,2,6,1,418,170000,2
13907,5,6,996,1,0,3,6,1,0,108000,1
21780,6,7,1163,2,0,4,8,1,396,185000,2
13346,7,5,1095,2,1,4,9,1,590,268000,3
6858,6,4,806,1,1,4,6,0,216,128000,2
11198,9,5,1122,2,1,4,11,1,656,325000,3
10171,7,5,1517,2,0,3,7,0,532,214000,2
12327,8,8,1496,1,1,1,5,1,612,316600,3
7032,5,5,943,1,0,2,4,2,600,135960,2
13101,5,5,1728,2,0,6,10,0,576,142600,2
7332,6,6,864,1,0,2,4,0,288,120000,2
13159,7,5,846,2,1,3,6,0,650,224500,2
9967,7,5,384,2,1,3,8,1,400,170000,2
10500,5,7,372,1,0,3,5,0,288,139000,2
8480,5,5,832,1,0,2,6,0,336,118500,2
6292,7,7,861,2,0,3,6,1,216,145000,2
11777,5,6,1164,1,0,3,6,2,564,164500,2
3604,7,5,689,2,0,2,5,0,540,146000,2
12150,5,5,1050,2,0,4,7,0,352,131500,2
14585,6,6,1144,1,0,3,7,2,572,181900,2
12704,8,5,2042,2,1,3,8,1,1390,253293,3
11841,6,5,816,1,0,3,5,0,0,118500,2
13500,10,9,1237,3,1,3,9,1,880,325000,3
6120,4,7,884,1,0,3,6,0,240,133000,2
11443,8,5,1868,2,0,2,7,2,880,369900,3
10267,6,7,816,1,0,2,5,0,275,130000,2
8740,5,6,840,1,0,2,4,0,528,137000,2
25095,5,8,1437,1,0,1,5,2,452,143000,2
9100,5,6,742,1,0,2,4,0,308,79500,1
8320,7,5,770,2,1,3,6,0,520,185900,2
13478,10,5,1722,2,1,3,10,1,842,451950,3
6600,5,8,816,1,0,2,4,0,816,138000,2
4435,6,5,848,1,0,1,4,0,420,140000,2
7990,5,6,924,1,0,3,5,0,280,110000,1
11302,8,5,1814,2,0,3,7,1,758,319000,3
3600,6,7,684,1,0,3,7,0,216,114504,1
3922,7,5,1258,0,2,2,7,1,648,194201,2
12984,5,6,1430,2,0,3,7,1,621,217500,2
1950,6,6,716,2,1,3,6,1,452,151000,2
10927,8,5,1058,2,1,3,8,1,736,275000,3
9000,6,6,780,1,1,3,6,1,544,141000,2
10041,8,5,908,2,1,3,8,1,506,220000,2
3182,7,5,600,2,1,2,4,0,480,151000,2
12803,7,5,1494,2,0,3,6,1,530,221000,2
13600,7,6,768,2,1,3,7,3,486,205000,2
12464,5,5,1040,1,0,3,6,0,576,152000,2
7800,5,8,896,3,0,3,8,0,230,225000,2
12168,8,6,965,2,1,4,10,2,380,359100,3
7943,4,5,1029,1,0,3,5,0,261,118500,2
11050,9,5,1440,2,1,3,8,2,736,313000,3
10395,6,6,1032,2,0,3,6,1,564,148000,2
11885,8,5,1299,2,1,3,7,1,531,261500,3
8402,5,5,1120,1,0,3,6,0,0,147000,2
1491,4,6,630,1,0,1,3,0,0,75500,1
8800,6,7,936,1,0,3,6,0,480,137500,2
7861,6,5,783,2,1,3,7,1,393,183200,2
7227,6,6,832,1,0,2,4,0,528,105500,1
11694,9,5,1822,2,0,3,9,1,774,314813,3
12244,8,5,1482,2,1,4,10,2,749,305000,3
8248,3,3,864,1,0,2,5,0,0,67000,1
10800,6,7,1522,2,1,4,9,1,624,240000,3
7064,5,6,980,1,0,3,6,0,484,135000,2
2117,6,5,756,2,1,2,4,1,440,168500,2
10400,6,5,732,1,2,4,8,1,484,165150,2
10000,6,6,1116,1,1,3,5,0,440,160000,2
12342,5,5,978,1,0,3,6,1,286,139900,2
9600,6,6,1156,1,0,3,7,2,364,153000,2
11606,5,5,1040,1,2,5,9,2,504,135000,2
9020,6,5,1248,1,1,3,6,0,520,168500,2
9000,5,6,636,1,0,3,8,0,240,124000,2
4590,8,5,1554,2,0,2,6,1,627,209500,2
11900,7,5,1386,2,0,3,6,1,544,82500,1
9250,5,7,1056,1,0,3,6,0,260,139400,2
6979,6,5,1056,0,0,0,4,0,576,144000,2
10896,6,7,1440,2,0,8,14,0,0,200000,2
6120,2,3,264,1,0,1,4,1,0,60000,1
6000,5,4,811,2,0,3,7,0,256,93000,1
8777,5,7,796,1,0,2,4,0,0,85000,1
3982,8,5,1520,2,0,1,7,1,648,264561,3
12677,8,5,1518,1,1,1,6,1,588,274000,3
7050,7,5,1057,2,1,3,7,1,650,226000,2
13860,8,7,1952,2,1,4,9,3,538,345000,3
10793,5,5,780,2,1,4,7,0,462,152000,2
9187,9,5,1766,2,1,2,7,1,478,370878,3
10530,6,5,981,1,1,3,5,0,576,143250,2
7200,5,5,0,1,0,3,7,0,420,98300,1
10452,6,5,1094,1,0,3,5,2,495,155000,2
7700,6,5,756,1,1,4,7,1,442,155000,2
1936,4,6,630,1,0,1,3,0,0,84500,1
8125,7,6,813,2,1,3,7,0,562,205950,2
9084,4,5,755,1,0,4,7,1,296,108000,1
8750,7,5,880,2,1,2,7,1,512,191000,2
10320,6,7,756,1,0,3,7,0,216,135000,2
10437,8,6,2109,2,1,2,7,1,839,350000,3
1680,6,5,525,1,1,3,6,0,264,88000,1
10007,5,7,1053,1,1,3,5,0,312,145500,2
7200,7,6,776,1,1,3,6,1,270,149000,2
17503,6,5,912,1,0,3,6,1,330,97500,1
9937,5,7,1486,1,0,3,7,0,480,167000,2
12384,7,7,793,2,1,3,7,1,550,197900,2
46589,8,7,1629,2,1,4,8,1,711,402000,3
13560,6,3,1392,1,0,2,5,2,576,110000,1
10012,4,5,1138,2,0,3,6,0,588,137500,2
20896,8,5,2077,1,1,1,8,1,1134,423000,3
11194,8,5,1406,2,1,3,7,1,504,230500,2
18450,6,5,1021,2,1,3,7,1,596,129000,2
8125,6,5,1408,2,0,3,7,1,575,193500,2
14175,5,6,1188,1,1,3,6,1,576,168000,2
11600,4,5,700,1,0,2,5,1,252,137500,2
8633,6,5,738,2,1,3,7,0,540,173500,2
6629,6,6,672,2,0,3,6,0,300,103600,1
11250,6,6,1208,1,1,3,6,1,546,165000,2
14442,6,7,1477,2,0,3,7,2,416,257500,3
9200,6,6,1136,1,0,3,5,1,384,140000,2
2289,6,6,855,2,1,3,7,1,440,148500,2
9600,4,2,1095,2,0,4,8,0,779,87000,1
9022,5,8,768,1,0,2,5,0,240,109500,1
11844,8,5,2046,2,1,3,7,1,834,372500,3
9945,5,5,988,1,0,3,5,0,572,128500,2
8012,6,5,923,2,0,2,5,1,264,143000,2
4500,5,5,793,1,0,3,6,0,281,159434,2
2887,6,5,1291,1,0,2,6,1,431,173000,2
11248,9,5,1626,2,0,3,7,1,702,285000,3
16770,7,5,1195,2,1,4,7,0,486,221000,2
5062,7,5,1190,2,0,3,6,1,577,207500,2
10207,7,6,874,3,0,3,7,0,578,227875,2
5105,7,5,551,2,1,2,4,0,480,148800,2
8089,8,6,1419,2,0,2,7,1,567,392000,3
7577,6,5,1362,2,0,2,6,1,460,194700,2
4426,6,5,848,1,0,1,3,1,420,141000,2
21535,10,6,2444,3,1,4,10,2,832,755000,3
26178,7,5,1210,2,1,4,9,2,628,335000,3
5400,5,6,1073,1,0,2,4,0,326,108480,1
6120,5,6,927,1,1,3,5,0,576,141500,2
13811,6,6,1112,2,0,2,5,1,551,176000,2
6000,5,7,616,1,0,2,4,0,205,89000,1
6420,5,7,980,1,0,2,6,0,308,123500,2
8450,5,8,894,1,0,3,5,1,336,138500,2
4282,7,5,1391,2,0,2,5,0,530,196000,2
14331,8,5,1800,2,0,3,7,1,765,312500,3
9600,7,5,1164,1,1,3,6,0,528,140000,2
12438,8,5,1234,2,1,4,10,1,666,361919,3
7630,5,9,360,2,0,4,8,1,672,140000,2
8400,7,5,1473,2,0,3,7,0,606,213000,2
5600,4,5,0,2,0,3,7,0,0,55000,1
115149,7,5,1643,2,0,2,5,2,739,302000,3
6240,8,5,1324,2,0,2,6,1,550,254000,3
9018,7,5,728,2,1,3,8,1,400,179540,2
7162,5,7,876,1,0,3,6,0,408,109900,1
4130,3,6,270,1,0,2,5,0,0,52000,1
8712,4,7,859,1,0,2,7,0,384,102776,1
4671,8,5,1228,2,0,2,5,1,472,189000,2
9873,4,5,960,1,0,3,6,0,576,129000,2
13517,6,8,725,2,1,3,6,0,475,130500,2
10140,6,5,1064,2,0,3,7,1,478,165000,2
10800,7,8,718,1,1,3,8,0,704,159500,2
10000,5,6,1176,1,1,3,5,1,439,157000,2
10542,7,5,1311,2,1,3,9,1,983,341000,3
9920,5,6,971,1,1,3,5,1,300,128500,2
6563,8,5,1742,2,0,2,5,1,564,275000,3
4426,6,5,848,1,0,1,3,0,420,143000,2
8120,4,7,864,1,0,3,5,0,463,124500,2
8172,4,6,941,2,0,4,7,0,548,135000,2
13286,9,5,1698,2,0,3,8,1,768,320000,3
6960,4,6,864,1,0,3,5,0,660,120500,2
21695,6,9,880,2,0,3,5,1,540,222000,2
7314,7,5,1232,2,0,2,6,0,632,194500,2
11475,5,5,1584,2,0,4,9,0,888,110000,1
6240,4,5,780,1,0,2,5,0,539,103000,1
5389,8,5,1595,2,0,2,5,1,608,236500,3
9590,7,5,868,2,0,3,6,1,438,187500,2
11404,7,5,1153,2,1,3,8,1,541,222500,2
10000,5,6,864,1,0,3,6,1,264,131400,2
8978,5,5,948,1,0,3,6,0,300,108000,1
10800,7,7,880,1,1,2,6,2,320,163000,2
8544,3,4,0,2,0,2,6,0,400,93500,1
10463,8,5,893,2,1,3,8,1,800,239900,3
10800,5,5,1200,3,0,3,5,0,0,179000,2
9313,7,5,864,2,1,3,7,0,572,190000,2
9600,5,7,264,2,0,2,7,0,360,132000,2
6768,6,8,912,1,0,3,5,0,288,142000,2
8450,7,5,1349,2,0,3,6,0,539,179000,2
12886,5,6,520,2,0,3,6,1,480,175000,2
5395,8,5,1337,2,0,2,5,1,462,180000,2
8963,8,9,1142,3,1,4,11,2,831,299800,3
8795,7,5,952,2,1,4,8,1,554,236000,3
11700,7,7,1240,1,1,4,8,1,864,265979,3
10593,7,5,1720,2,0,3,7,1,527,260400,3
8405,4,3,0,2,0,4,9,0,240,98000,1
8800,4,7,576,1,0,3,7,0,0,96500,1
7750,7,5,660,2,1,3,6,0,400,162000,2
9236,6,5,1479,2,0,3,6,0,576,217000,2
10240,8,5,1030,2,1,3,8,1,878,275500,3
7930,6,8,1026,1,0,3,5,0,440,156000,2
3230,6,5,729,2,1,3,6,0,440,172500,2
10769,8,5,866,2,1,3,7,0,578,212000,2
11616,6,5,672,2,1,3,6,1,440,158900,2
2280,7,5,744,2,1,3,6,0,440,179400,2
12257,8,5,1318,2,1,4,9,1,752,290000,3
9100,6,6,864,1,0,2,5,0,300,127500,2
6911,5,5,1145,1,0,2,5,0,440,100000,1
8640,7,5,756,2,1,3,7,0,614,215200,2
9430,8,5,1252,2,1,3,8,1,856,337000,3
9549,8,5,1494,1,1,2,6,1,481,270000,3
14587,9,5,1498,2,0,2,6,1,592,264132,3
10421,7,5,980,2,1,3,7,1,496,196500,2
12508,6,7,983,2,0,4,7,0,423,160000,2
9100,7,5,1860,2,0,3,8,1,484,216837,2
53504,8,5,1650,3,1,4,12,1,841,538000,3
7252,5,5,858,1,0,2,5,0,576,134900,2
8877,4,5,836,1,0,2,6,0,396,102000,1
7819,6,5,1029,1,0,3,6,1,672,107000,1
10150,5,5,912,1,0,2,5,0,275,114500,1
14226,8,5,1935,2,0,3,9,1,895,395000,3
4500,6,5,1204,2,0,2,5,0,412,162000,2
11210,7,5,1614,2,0,3,7,0,865,221500,2
13350,5,5,864,1,0,3,5,1,440,142500,2
8400,5,5,0,2,0,4,10,2,630,144000,2
10530,6,5,975,1,0,2,4,0,504,135000,2
7875,7,5,1237,2,0,3,6,1,402,176000,2
7153,6,5,761,2,1,3,7,0,484,175900,2
16285,7,5,1413,2,0,3,6,0,605,187100,2
9101,5,6,1097,1,0,1,4,1,602,165500,2
6300,6,6,742,2,0,3,9,1,0,128000,2
9790,6,5,1372,2,0,3,7,1,457,161500,2
10800,5,6,686,2,0,4,7,0,416,139000,2
10142,7,5,956,2,1,4,8,0,618,233000,3
6000,4,7,901,1,0,2,4,0,281,107900,1
12205,6,8,832,2,1,5,9,0,444,187500,2
3182,7,5,1145,2,0,2,5,1,397,160200,2
11333,6,5,1029,1,0,3,5,2,539,146800,2
9920,7,5,1117,2,1,3,8,1,455,269790,3
9158,8,5,1496,2,0,3,7,0,474,225000,2
10832,7,5,712,2,1,3,7,1,409,194500,2
8400,6,6,650,2,1,3,7,1,476,171000,2
8197,6,5,660,1,1,3,7,1,528,143500,2
7677,5,5,773,1,0,2,4,0,240,110000,1
13518,9,5,1926,3,1,4,11,2,820,485000,3
7200,5,7,731,1,1,3,7,2,240,175000,2
12798,6,5,616,2,1,4,8,0,603,200000,2
4800,4,7,1196,1,0,2,5,0,440,109900,1
8199,7,5,728,2,1,3,7,1,410,189000,2
13891,9,5,1734,3,1,4,12,1,1020,582933,3
9000,5,5,936,1,0,2,5,0,286,118000,2
12274,7,5,1417,2,0,3,6,0,554,227680,2
9750,5,5,980,2,0,3,6,0,384,135500,2
21384,5,6,1324,1,1,3,6,1,528,223500,2
13400,5,5,1024,1,0,3,6,1,484,159950,2
8100,5,5,849,2,0,2,11,0,360,106000,1
10140,6,6,1040,1,1,3,5,1,484,181000,2
4438,6,5,848,1,0,1,4,1,420,144500,2
8712,5,5,540,1,0,2,4,0,504,55993,1
9750,6,6,1442,1,1,4,7,0,301,157900,2
8248,5,7,686,1,1,3,7,0,280,116000,1
12137,7,5,1649,2,0,3,6,0,598,224900,2
11425,5,6,1008,1,0,2,4,1,275,137000,2
13265,8,5,1568,2,0,3,7,2,857,271000,3
8816,6,7,1010,1,0,3,6,0,440,155000,2
6371,7,5,1358,2,0,2,6,1,484,224000,2
7226,7,5,798,2,1,3,6,0,595,183000,2
6000,4,4,936,1,0,2,4,0,576,93000,1
12394,7,5,847,2,1,3,7,1,433,225000,2
9900,6,7,778,2,0,3,7,1,240,139500,2
11216,8,5,1489,2,0,3,7,1,776,232600,3
14803,10,5,2078,2,0,2,7,1,1220,385000,3
6130,5,6,784,1,0,2,5,0,0,109500,1
8529,7,5,1454,2,0,3,6,1,527,189000,2
28698,5,5,1013,2,1,3,7,0,538,185000,2
2544,7,5,600,2,1,2,4,0,480,147400,2
11900,6,5,1392,1,1,3,6,2,458,166000,2
3180,7,5,600,2,1,2,4,0,480,151000,2
9548,7,6,941,2,1,3,7,1,613,237000,3
10004,6,6,1516,1,1,3,6,0,472,167000,2
7875,5,6,1144,1,0,3,6,0,456,139950,2
9600,4,7,1067,2,0,2,4,0,436,128000,2
8100,5,6,1559,1,0,2,5,0,812,153500,2
1680,6,5,483,1,1,2,5,0,264,100000,1
9525,5,6,1099,1,1,3,6,0,352,144000,2
11767,5,6,768,1,0,3,6,0,240,130500,2
12155,6,8,672,2,0,4,7,0,400,140000,2
10440,5,8,650,2,0,3,8,1,686,157500,2
9020,6,7,1127,1,1,3,6,0,490,174900,2
8000,5,4,1800,2,0,6,10,0,0,141000,2
12665,5,8,876,1,1,4,7,1,720,153900,2
16647,5,5,1390,2,0,3,6,2,611,171000,2
9317,7,5,740,2,1,3,7,1,425,213000,2
15523,5,6,864,1,0,3,5,1,338,133500,2
45600,6,8,907,3,0,5,10,1,360,240000,3
9600,6,7,528,2,1,3,7,1,512,187000,2
4435,6,5,848,1,0,1,3,0,420,131500,2
3196,8,5,1273,2,0,2,7,1,400,215000,2
7128,7,5,918,2,0,4,7,2,240,164000,2
12095,6,6,1127,1,1,3,7,1,645,158000,2
17920,5,4,1763,1,1,3,6,1,454,170000,2
6897,5,8,1040,1,1,3,6,0,260,127000,2
10970,6,6,940,1,0,3,5,0,576,147000,2
8125,6,5,702,2,1,3,6,1,343,174000,2
10400,7,5,1090,2,0,3,6,1,479,152000,2
11029,6,7,1054,2,1,4,9,1,619,250000,3
7642,7,8,912,1,1,3,7,1,216,189950,2
11625,5,4,1039,1,1,3,6,0,504,131500,2
9672,6,5,1040,2,0,3,6,0,480,152000,2
7931,5,5,1148,1,0,3,6,0,672,132500,2
8640,7,5,1372,2,0,3,6,0,529,250580,3
8750,5,6,1002,1,0,3,5,0,902,148500,2
10656,8,5,1638,2,0,3,6,1,870,248900,3
6970,4,5,1040,1,1,3,5,0,544,129000,2
14762,5,6,0,2,0,2,7,1,672,169000,2
9938,7,5,1050,2,1,3,8,1,574,236000,3
6600,5,5,894,1,0,2,5,0,308,109500,1
8750,6,5,804,2,1,3,7,0,523,200500,2
8892,5,7,105,1,0,3,5,0,414,116000,1
12144,5,7,832,1,0,3,6,1,288,133000,2
5720,5,6,676,1,1,3,5,0,200,66500,1
9000,8,5,1184,2,1,4,11,1,550,303477,3
25286,4,5,1064,1,0,3,5,0,648,132250,2
8834,9,5,1462,2,1,4,10,1,738,350000,3
11782,5,7,1109,1,0,3,6,0,576,148000,2
7000,5,8,864,1,0,3,6,0,336,136500,2
7024,5,5,1090,1,1,2,5,0,450,157000,2
13758,7,5,1156,2,1,3,7,1,400,187500,2
9636,6,5,808,2,1,3,7,1,389,178000,2
6204,4,5,795,1,0,5,10,0,440,118500,2
7150,5,5,892,1,0,3,5,0,288,100000,1
5119,9,5,1698,2,0,2,5,1,506,328900,3
8393,5,5,1626,2,0,4,8,0,588,145000,2
16466,5,7,816,1,1,3,8,0,300,135500,2
15865,8,6,2217,2,0,4,8,1,621,268000,3
12160,6,4,1505,1,0,2,6,1,505,149500,2
8064,5,7,672,1,0,3,6,1,576,122900,2
11184,6,5,918,2,1,3,7,1,440,172500,2
8414,6,8,1059,1,0,3,6,0,264,154500,2
13284,5,5,1383,1,0,3,6,1,354,165000,2
7018,5,5,0,2,0,4,8,0,400,118858,2
7056,6,5,780,1,1,4,8,1,483,140000,2
8765,4,6,951,1,0,2,6,0,327,106500,1
7018,5,5,0,2,0,6,12,0,528,142953,2
12919,9,5,2330,2,1,2,11,2,820,611657,3
6993,5,7,912,1,0,3,6,1,288,135000,2
7340,4,6,858,1,0,2,4,0,684,110000,1
8712,5,7,992,1,0,2,5,0,756,153000,2
7875,7,5,783,2,1,3,8,1,393,180000,2
14859,7,5,1670,2,0,3,7,1,690,240000,3
6173,5,6,876,1,0,3,6,0,288,125500,2
9920,5,5,1056,1,0,3,6,0,280,128000,2
13501,8,5,1623,2,0,3,8,1,865,255000,3
11500,7,7,1017,1,1,3,6,1,180,250000,3
8885,5,5,864,1,0,2,5,0,484,131000,2
12589,6,5,742,2,1,3,8,1,390,174000,2
11600,5,5,1105,2,0,5,12,0,480,154300,2
9286,5,7,1268,1,1,3,5,0,252,143500,2
6120,5,7,768,1,0,3,6,0,450,88000,1
6270,5,6,1001,2,0,4,8,0,871,145000,2
3000,6,5,612,2,1,2,4,0,528,173733,2
2001,4,5,546,1,1,3,6,0,286,75000,1
9000,2,3,480,0,0,1,4,0,308,35311,1
17140,4,6,1134,1,0,3,6,0,284,135000,2
13125,7,5,1104,2,1,4,8,1,833,238000,3
11029,6,8,1184,1,0,3,6,1,601,176500,2
8462,6,5,928,2,1,3,7,0,471,201000,2
8777,5,7,1272,2,2,4,9,0,0,145900,2
10237,6,5,1316,2,0,3,6,1,397,169990,2
8012,6,5,1604,2,0,2,5,1,533,193000,2
10240,6,6,1686,2,0,3,7,1,612,207500,2
15611,5,6,1126,2,0,3,6,0,540,175000,2
11999,8,5,1181,2,1,4,10,1,656,285000,3
9900,7,5,832,2,1,4,9,1,486,176000,2
11838,8,5,1753,2,0,3,7,1,522,236500,3
13006,7,5,964,2,1,4,8,1,642,222000,2
8925,8,5,1466,2,0,3,7,0,610,201000,2
9100,5,6,925,1,0,2,5,0,429,117500,2
11670,9,5,1905,2,0,3,8,1,788,320000,3
8487,7,5,1500,2,0,3,6,0,570,190000,2
27650,7,7,585,2,0,4,9,1,505,242000,3
5825,4,5,600,1,0,1,5,0,528,79900,1
10083,7,5,1176,2,0,2,5,0,555,184900,2
9675,7,5,1113,2,1,3,8,1,689,253000,3
8760,7,5,1391,2,1,3,7,0,868,239799,3
24090,7,7,1032,2,0,4,10,2,349,244400,3
12640,6,5,1728,2,0,4,8,0,574,150900,2
8755,7,5,992,2,1,3,8,1,390,214000,2
7711,4,3,1440,2,0,4,8,0,0,150000,2
25000,5,4,1632,2,0,4,8,0,576,143000,2
14375,6,6,819,1,0,3,7,1,525,137500,2
8820,5,6,1088,1,0,2,7,0,456,124900,2
8163,5,6,1144,1,0,3,6,1,796,143000,2
14536,8,5,1616,2,0,3,9,1,808,270000,3
14006,7,5,936,2,1,3,7,1,474,192500,2
9360,6,7,1161,1,1,3,5,1,676,197500,2
7200,5,8,864,1,0,3,5,0,720,129000,2
7800,5,5,828,1,0,3,6,0,300,119900,2
7200,5,8,768,1,0,2,5,0,396,133900,2
11075,5,4,784,2,1,4,7,1,530,172000,2
9400,6,5,945,2,0,4,4,0,0,127500,2
7136,6,6,979,2,0,4,8,0,492,145000,2
1300,6,6,561,1,1,2,5,1,462,124000,2
7420,5,5,1057,1,0,3,6,0,576,132000,2
8450,7,5,1337,2,0,3,6,0,531,185000,2
2572,7,5,696,2,1,3,6,0,484,155000,2
7207,5,7,858,1,0,2,4,0,0,116500,1
12227,6,7,1330,2,1,4,11,1,619,272000,3
2308,6,6,804,2,1,3,7,1,440,155000,2
11923,9,5,1800,2,0,2,7,0,702,239000,3
11316,7,5,817,2,1,4,8,1,510,214900,2
10237,6,5,783,2,1,3,8,1,393,178900,2
9600,5,7,728,1,1,2,7,2,256,160000,2
7390,5,7,1098,1,0,3,6,0,260,135000,2
5925,3,6,600,1,0,2,6,0,0,37900,1
10382,6,5,588,1,0,2,6,0,264,140000,2
10800,4,4,720,1,1,4,6,0,0,135000,2
2268,7,5,764,2,0,2,6,0,474,173000,2
7892,6,5,918,2,0,2,5,1,264,99500,1
11639,7,5,1428,2,0,3,6,0,480,182000,2
11414,7,8,728,1,0,3,8,0,532,167500,2
2651,7,5,673,2,1,3,6,0,490,165000,2
5900,4,7,440,1,0,2,4,0,0,85500,1
4274,7,5,1241,1,1,1,4,0,569,199900,2
9450,4,5,894,1,0,3,5,0,400,110000,1
8816,5,6,1121,1,0,3,5,0,480,139000,2
12122,7,9,944,1,0,3,6,0,588,178400,2
12203,8,5,1225,2,1,4,8,1,676,336000,3
3182,7,5,1266,2,0,2,6,1,388,159895,2
11250,8,5,1128,2,1,4,9,1,779,255900,3
10125,5,5,0,2,0,4,8,0,539,126000,2
10880,5,5,1164,1,0,3,5,0,240,125000,2
5310,6,8,485,1,0,2,5,0,255,117000,1
10159,9,5,1930,2,1,3,8,1,606,395192,3
12046,6,6,848,2,1,4,8,1,551,195000,2
8125,7,5,770,2,1,3,6,0,614,197000,2
9452,8,5,1396,2,1,3,7,1,870,348000,3
17671,8,9,916,1,1,4,8,1,424,168000,2
9760,6,8,822,2,1,3,7,1,440,187000,2
8846,6,5,750,2,1,3,6,0,564,173900,2
12456,10,5,1700,2,0,3,7,1,786,337500,3
4712,4,7,747,1,1,3,5,0,305,121600,2
10659,5,6,1050,1,0,3,6,0,368,136500,2
11717,6,6,1442,2,0,2,6,1,615,185000,2
9786,3,4,1007,1,0,3,6,1,210,91000,1
6762,7,5,1187,2,0,2,6,0,632,206000,2
10206,3,3,0,1,0,2,4,0,528,82000,1
5400,5,6,691,1,0,2,4,0,216,86000,1
11957,8,5,1574,2,0,3,7,1,824,232000,3
11500,5,6,1680,2,0,4,8,0,528,136905,2
3182,7,5,1346,2,0,1,7,1,457,181000,2
8385,5,8,985,2,0,3,6,0,328,149900,2
12155,6,3,1657,2,0,3,7,1,484,163500,2
2217,4,4,546,1,1,3,6,0,286,88000,1
12118,7,5,1710,2,0,3,7,1,550,240000,3
6000,5,5,1008,2,0,4,7,0,0,102000,1
21286,5,5,720,2,0,4,7,1,312,135000,2
9825,5,5,0,2,0,4,8,0,0,100000,1
10592,6,7,602,1,1,3,7,2,180,165000,2
7200,5,4,1022,1,0,2,4,0,280,85000,1
11664,6,5,1082,1,0,2,5,1,240,119200,2
8400,8,6,810,2,1,3,6,0,528,227000,2
11883,7,5,1504,2,0,3,6,1,478,203000,2
5814,8,5,1220,1,0,1,4,1,565,187500,2
10784,7,5,384,2,1,3,7,1,402,160000,2
3013,7,5,1362,2,0,2,6,1,440,213490,2
7024,4,5,1132,1,1,2,5,0,451,176000,2
7406,7,5,1199,2,0,2,6,0,632,194000,2
9439,5,5,912,1,0,2,6,0,160,87000,1
3182,7,5,1346,2,0,2,7,1,437,191000,2
15498,8,6,1565,2,0,2,10,1,665,287000,3
7700,5,5,882,1,0,3,5,0,461,112500,1
9300,5,5,1268,1,0,3,6,2,461,167500,2
9520,8,5,1638,2,0,3,7,1,800,293077,3
9492,5,5,768,1,0,3,6,1,240,105000,1
1680,6,7,672,1,1,3,7,0,264,118000,2
7082,5,8,686,2,0,5,10,0,0,160000,2
15863,7,3,824,2,1,5,12,2,672,197000,2
14541,8,7,1338,2,1,5,10,1,796,310000,3
8125,7,5,1654,2,0,3,6,0,900,230000,2
6305,5,7,920,1,0,2,5,1,240,119750,2
11500,4,3,0,1,0,3,5,0,290,84000,1
12898,9,5,1620,2,0,2,6,1,912,315500,3
9240,8,5,1055,2,1,3,7,1,905,287000,3
1533,4,6,546,1,1,3,6,1,0,97000,1
1477,4,4,630,1,0,1,3,0,286,80000,1
13125,5,4,1134,2,0,3,8,1,484,155000,2
9130,6,8,800,1,1,4,7,0,484,173000,2
5381,6,5,1306,2,0,1,5,1,624,196000,2
11839,7,5,1475,2,1,4,10,1,514,262280,3
9600,8,5,2524,2,1,4,9,1,542,278000,3
13680,3,5,0,2,0,4,8,1,452,139600,2
16056,9,5,1992,3,1,4,11,1,716,556581,3
9245,5,5,990,1,0,3,5,0,672,145000,2
21750,5,4,0,1,0,3,9,1,336,115000,1
11100,4,7,0,1,0,2,6,0,308,84900,1
8993,7,5,1302,2,0,3,6,0,436,176485,2
11175,7,5,1316,2,0,3,6,1,440,200141,2
9500,6,6,816,1,1,4,9,1,540,165000,2
8562,5,6,1216,1,0,4,7,1,364,144500,2
11367,8,5,1065,2,1,3,7,1,586,255000,3
11361,6,5,1193,2,0,3,7,1,478,180000,2
7052,7,5,1364,2,0,2,6,1,484,185850,2
29959,7,6,973,2,1,3,7,1,467,248000,3
11308,9,5,1104,2,1,3,10,1,836,335000,3
11275,6,7,854,1,1,3,7,1,432,220000,2
4920,8,5,1338,2,0,2,6,0,582,213500,2
18000,3,4,894,1,0,2,6,0,1248,81000,1
13600,5,5,662,2,0,5,10,0,560,90000,1
6000,6,6,1103,1,0,2,5,1,440,110500,1
11000,5,6,1154,1,1,3,6,1,480,154000,2
14000,7,5,1306,2,1,3,7,0,533,328000,3
7837,6,7,799,2,1,3,7,1,380,178000,2
9760,6,6,780,1,1,4,7,0,442,167900,2
3964,6,4,942,2,1,5,10,1,576,151400,2
9600,5,7,845,1,0,2,4,0,576,135000,2
10152,5,5,1048,1,0,3,6,0,286,135000,2
11700,6,6,727,1,1,4,8,0,441,154000,2
7585,5,3,810,1,0,4,7,1,280,91500,1
7950,6,6,690,1,1,3,6,0,440,159500,2
8556,7,5,1240,2,0,2,5,0,826,194000,2
13125,7,6,800,1,1,3,6,2,240,219500,2
10800,5,8,796,2,0,3,7,1,566,170000,2
15870,5,5,1096,1,0,3,6,0,299,138800,2
4435,6,5,848,1,0,1,3,1,420,155900,2
8775,5,5,990,1,0,3,5,0,299,126000,2
11040,6,7,1258,2,0,3,5,0,528,145000,2
7500,5,5,1040,1,1,3,5,0,308,133000,2
8749,7,5,1459,2,0,3,6,1,527,192000,2
8800,6,6,1251,1,0,3,6,2,461,160000,2
13031,6,5,691,2,1,3,6,1,409,187500,2
9069,6,6,936,1,0,2,5,0,564,147000,2
1974,4,5,546,1,1,3,6,0,286,83500,1
10574,8,5,1082,2,1,3,9,1,1043,252000,3
2522,7,5,970,2,0,3,7,0,380,137500,2
3316,8,5,1247,1,1,1,4,1,550,197000,2
8544,3,4,0,2,0,2,6,0,400,92900,1
2160,7,5,600,2,1,2,4,0,462,160000,2
8400,6,5,1181,2,0,4,7,1,576,136500,2
9230,5,8,864,1,1,1,6,0,884,146000,2
5868,5,7,936,1,0,2,4,0,308,129000,2
9317,6,5,1314,2,0,3,6,1,440,176432,2
6882,6,7,684,1,1,3,7,0,0,127000,2
3696,8,5,1074,1,1,2,5,0,461,170000,2
6000,4,6,672,1,0,3,6,0,240,128000,2
11880,7,5,1271,2,0,3,7,1,478,157000,2
8400,2,5,290,1,0,1,3,0,246,60000,1
9758,5,5,950,1,0,3,5,0,280,119500,2
7000,5,7,1010,1,0,2,6,0,254,135000,2
8910,6,6,655,1,0,3,6,1,539,159500,2
2016,5,5,630,2,1,3,6,0,440,106000,1
12256,8,5,1463,2,1,3,9,2,712,325000,3
10357,7,5,910,2,0,3,6,1,719,179900,2
23257,7,5,868,2,1,3,9,1,422,274725,3
8063,6,5,924,2,1,3,7,1,463,181000,2
11362,8,5,1836,2,0,3,7,1,862,280000,3
8000,6,5,773,2,1,3,8,1,431,188000,2
10480,7,6,803,2,1,4,8,1,483,205000,2
7100,5,7,816,1,0,2,5,0,308,129900,2
8923,5,7,1008,1,0,2,6,0,240,134500,2
5400,5,7,833,1,0,2,4,0,326,117000,1
12085,8,5,1734,2,0,3,7,1,928,318000,3
7750,8,5,408,2,1,3,7,1,527,184100,2
9764,5,7,894,1,0,3,5,0,450,130000,2
13825,5,6,533,1,0,3,6,0,300,140000,2
7560,5,5,1040,1,0,3,6,0,286,133700,2
8263,6,5,1012,1,0,2,6,1,308,118400,2
10084,7,5,1552,2,0,3,7,0,782,212900,2
8926,4,3,672,1,0,3,5,0,288,112000,1
9405,5,9,698,1,0,2,4,0,0,118000,2
9125,7,5,384,2,1,3,7,1,392,163900,2
10434,4,5,1005,1,0,2,5,1,672,115000,1
3684,7,5,1373,2,0,2,7,1,660,174000,2
14572,7,5,1530,2,0,3,7,1,630,259000,3
11796,7,5,847,2,1,4,8,1,434,215000,2
7200,5,5,936,1,0,2,4,0,672,140000,2
7804,4,3,1122,2,0,4,7,2,576,135000,2
10712,5,5,974,1,0,3,5,0,0,93500,1
9900,6,4,1008,2,0,5,8,0,205,117500,2
9828,8,5,1128,2,1,3,8,1,466,239500,3
8773,6,5,916,2,1,3,7,1,460,169000,2
6180,6,5,960,1,0,2,5,1,180,102000,1
9600,6,5,1032,1,0,3,6,0,288,119000,2
6342,5,8,780,1,0,2,6,0,0,94000,1
9819,6,5,1567,2,0,2,5,2,714,196000,2
8731,5,5,915,1,0,3,6,1,495,144000,2
7350,5,7,952,1,0,2,4,0,840,139000,2
10304,5,7,780,2,1,4,9,1,484,197500,2
9965,8,5,1466,3,0,4,11,1,1052,424870,3
9000,5,3,1006,1,0,3,5,0,0,80000,1
12180,4,4,672,1,0,2,5,0,280,80000,1
6240,5,6,1042,1,0,3,8,1,225,149000,2
11200,6,5,1298,2,0,3,5,1,403,180000,2
12000,7,7,704,1,1,3,7,1,234,174500,2
5700,7,7,572,1,0,2,5,1,288,116900,1
9000,7,9,650,1,0,3,7,0,324,143000,2
8280,6,5,932,1,0,2,4,1,306,124000,2
17755,5,4,1466,1,1,3,6,2,528,149900,2
14115,6,7,1073,1,0,2,6,1,470,230000,2
5890,6,8,816,1,0,2,5,0,432,120500,2
13700,7,6,864,1,2,4,8,2,492,201800,2
10768,5,8,1437,2,0,3,6,1,528,218000,2
9350,5,8,1219,2,0,3,6,1,502,179900,2
5001,7,5,1314,2,0,2,6,1,626,230000,2
11932,8,5,1580,2,0,3,7,0,830,235128,3
9120,6,6,901,2,1,4,8,1,540,185000,2
2280,6,5,855,2,1,3,7,1,440,146000,2
14778,6,7,1296,1,0,3,7,1,924,224000,2
8724,5,5,894,1,0,3,5,1,450,129000,2
12900,4,4,1198,0,2,0,6,0,400,108959,1
16157,5,7,1360,1,1,2,5,1,588,194000,2
9541,7,5,1502,2,0,3,7,0,644,233170,3
10475,8,5,1694,2,0,3,7,0,776,245350,3
10852,6,5,959,2,1,3,7,1,472,173000,2
13728,6,7,1127,2,0,4,7,2,540,235000,3
35760,10,5,1930,3,1,4,10,1,807,625000,3
9880,6,6,1096,1,0,3,6,1,358,171000,2
9120,6,6,1261,1,0,3,6,1,433,163000,2
4017,7,5,625,2,1,2,5,0,625,171900,2
18030,5,6,1598,3,0,3,12,1,0,200500,2
16560,6,8,952,2,1,4,9,1,360,239000,3
10678,8,5,1683,2,1,4,9,1,541,285000,3
6951,5,5,876,1,0,3,5,0,264,119500,2
3950,6,8,818,1,0,3,5,0,210,115000,1
7681,5,6,731,1,1,3,7,1,186,154900,2
8335,5,5,0,1,0,3,5,1,0,93000,1
11170,7,5,1216,2,1,4,8,0,693,250000,3
5587,8,5,1600,2,0,2,5,1,482,392500,3
15623,10,5,2396,3,1,4,10,2,813,745000,3
10800,5,6,1120,1,0,2,5,1,720,120000,2
35133,5,4,1572,1,1,3,5,2,995,186700,2
9738,5,7,784,1,0,4,7,0,392,104900,1
10615,3,5,978,2,0,3,7,0,420,95000,1
12461,8,5,1624,2,0,2,5,1,757,262000,3
8935,7,5,831,2,1,3,7,0,493,195000,2
7500,7,5,994,2,1,3,7,1,442,189000,2
32463,4,4,1249,1,0,3,7,1,1356,168000,2
2645,8,5,776,2,1,2,5,0,492,174000,2
9600,5,8,702,1,0,3,6,0,250,125000,2
4500,6,5,1224,2,0,2,5,0,402,165000,2
9364,6,7,663,1,1,4,7,0,299,158000,2
8029,6,5,728,2,1,3,8,0,400,176000,2
14054,7,5,879,2,1,4,9,1,660,219210,2
8850,7,6,815,1,0,3,7,1,225,144000,2
9100,7,5,1212,2,0,3,6,0,573,178000,2
11235,4,5,1051,1,1,3,6,1,459,148000,2
9353,4,5,864,1,0,3,5,0,280,116050,1
10400,7,5,866,2,1,3,6,0,546,197900,2
6000,5,8,884,1,0,3,5,1,216,117000,1
9750,7,5,1630,2,0,3,6,1,451,213000,2
10140,5,6,1056,1,1,3,6,0,495,153500,2
14684,7,7,2158,2,0,3,7,1,701,271900,3
8900,4,4,1056,1,0,2,5,0,384,107000,1
9135,6,5,1682,2,0,3,7,0,544,200000,2
7763,5,7,931,1,0,3,6,0,506,140000,2
10182,8,5,1660,2,0,3,8,1,500,290000,3
11218,6,5,1055,2,1,3,8,1,462,189000,2
12134,8,7,559,2,0,4,8,0,492,164000,2
9340,4,6,672,1,0,2,4,0,234,113000,1
10246,4,9,648,0,0,0,3,0,364,145000,2
10205,5,5,925,1,0,3,6,0,300,134500,2
7094,5,5,894,1,0,3,5,0,384,125000,2
8930,6,5,0,2,0,4,8,0,539,112000,1
8640,8,5,1300,2,0,3,6,0,552,229456,2
6240,4,5,0,1,0,2,3,0,0,80500,1
1680,6,5,672,1,1,3,7,0,0,91500,1
7800,5,5,912,1,0,2,5,0,288,115000,1
8250,5,5,952,1,0,3,5,1,322,134000,2
10496,6,6,1040,2,0,3,7,1,315,143000,2
10680,5,3,2136,2,0,4,7,0,528,137900,2
15384,7,5,788,2,1,3,8,1,388,184000,2
10482,6,8,588,1,0,3,6,0,264,145000,2
14598,6,5,894,2,1,4,9,1,668,214000,2
8872,5,8,912,1,0,2,5,0,576,147000,2
8769,9,5,1702,1,1,1,7,1,1052,367294,3
7910,5,5,1075,2,0,4,7,0,404,127000,2
18890,5,5,1361,2,2,4,12,1,600,190000,2
7728,5,6,1106,1,0,3,6,0,540,132500,2
9842,4,5,0,2,0,2,6,0,462,101800,1
12160,5,5,1188,1,0,3,6,0,531,142000,2
8525,5,6,940,1,1,4,7,0,0,130000,2
13132,5,5,747,1,1,4,9,0,180,138887,2
2628,7,5,764,2,1,2,6,0,474,175500,2
12393,7,5,847,2,1,4,8,1,434,195000,2
13072,6,5,1141,1,1,3,6,0,484,142500,2
9037,8,5,1476,2,0,2,6,1,472,265900,3
8158,7,5,884,2,1,3,8,0,543,224900,2
9849,7,6,1689,2,0,3,7,0,954,248328,3
10625,7,6,1053,2,0,3,6,2,528,170000,2
13891,10,5,2076,2,1,2,7,1,850,465000,3
11435,8,7,792,1,0,3,7,2,400,230000,2
12090,6,7,585,3,1,3,7,1,477,178000,2
8125,7,5,756,2,1,3,6,0,615,186500,2
12328,6,5,1012,1,0,3,6,0,888,169900,2
9600,6,5,735,1,1,3,8,1,396,129500,2
7200,5,7,876,1,0,3,6,0,276,119000,2
11160,7,5,2110,2,1,3,8,2,522,244000,3
3136,7,5,1405,2,0,2,6,1,478,171750,2
9858,5,6,864,1,0,3,5,0,288,130000,2
17542,7,7,1192,2,1,3,9,2,518,294000,3
6931,7,5,746,2,1,3,7,1,397,165400,2
6240,6,6,884,1,0,3,6,1,560,127500,2
14303,8,5,1986,2,0,2,7,1,691,301500,3
4060,5,8,864,1,0,2,4,0,0,99900,1
9587,7,5,856,2,0,2,5,0,400,190000,2
9750,6,8,1054,1,1,3,6,0,460,151000,2
24682,6,5,841,2,1,3,7,1,502,181000,2
9600,5,6,1050,1,0,2,5,0,338,128900,2
11250,4,5,1104,1,0,5,8,2,304,161500,2
13515,6,6,764,1,0,3,8,1,520,180500,2
4060,6,5,1405,2,0,2,5,0,511,181000,2
3735,7,5,691,2,1,3,6,0,506,183900,2
10120,7,4,925,1,1,4,9,1,308,122000,2
13214,9,5,2002,2,0,3,10,1,746,378500,3
14100,8,9,728,3,1,4,11,2,1014,381000,3
11344,5,5,874,1,1,3,7,0,315,144000,2
23595,7,6,1332,0,1,0,4,1,586,260000,3
9156,6,7,1489,2,0,3,7,1,462,185750,2
13526,5,6,935,1,0,3,5,0,288,137000,2
11512,6,7,1019,1,0,2,5,1,312,177000,2
5362,5,6,661,2,0,3,8,1,552,139000,2
11345,5,5,928,2,0,4,10,0,400,137000,2
12936,6,6,723,1,1,3,6,1,497,162000,2
17871,6,5,1680,1,1,3,7,1,480,197900,2
9473,8,5,1128,2,1,3,7,1,577,237000,3
7500,4,4,698,1,0,2,6,0,528,68400,1
9808,7,5,1573,2,0,3,6,0,544,227000,2
8049,7,5,1309,2,0,2,6,1,484,180000,2
8800,5,7,1040,2,0,3,5,0,484,150500,2
9400,6,5,912,2,2,4,8,0,0,139000,2
9638,6,7,804,2,0,4,10,1,336,169000,2
6000,6,6,780,1,0,4,6,1,280,132500,2
9790,6,5,1328,1,1,3,6,2,528,143000,2
36500,5,5,1624,2,0,4,7,0,390,190000,2
5664,8,5,1501,2,0,2,5,1,499,278000,3
11065,8,5,1085,2,1,3,8,1,753,281000,3
14112,5,7,1152,1,0,3,6,1,484,180500,2
1680,5,7,630,2,1,3,6,0,264,119500,2
6600,5,4,994,2,0,4,11,0,432,107500,1
10140,7,5,832,2,1,4,8,1,528,162900,2
8172,5,7,864,1,0,2,5,0,572,115000,1
8400,5,5,1052,1,1,3,5,0,288,138500,2
8700,5,6,1120,2,0,3,6,0,525,155000,2
3675,6,5,547,2,0,2,5,0,525,140000,2
63887,10,5,6110,2,1,3,12,3,1418,160000,2
7500,5,7,1246,1,1,3,6,0,305,154000,2
10762,7,5,978,2,1,3,9,1,490,225000,2
7500,6,7,771,1,0,3,7,2,213,177500,2
10120,8,5,1165,2,1,4,8,1,844,290000,3
8688,7,5,1616,2,0,3,7,0,834,232000,3
3363,7,5,976,2,0,3,7,0,380,130000,2
13173,9,5,1652,2,0,2,6,2,840,325000,3
6955,7,5,1368,2,0,2,6,1,474,202500,2
8072,5,5,990,1,0,3,5,0,480,138000,2
12000,5,7,924,1,0,2,6,0,528,147000,2
7153,6,5,1278,2,0,3,6,0,496,179200,2
17500,7,8,1902,2,0,3,7,2,567,335000,3
8814,7,5,1274,2,0,3,6,0,508,203000,2
9572,8,5,1453,2,1,4,9,1,750,302000,3
14774,9,5,1393,2,1,4,10,1,779,333168,3
8190,4,6,948,1,0,3,5,1,280,119000,2
11075,6,5,952,2,1,4,9,2,576,206900,2
10226,8,5,1622,2,0,3,8,1,860,295493,3
4230,7,5,1352,2,0,2,5,1,466,208900,2
14781,8,5,1753,2,0,3,7,1,748,275000,3
10215,4,5,864,1,0,3,5,0,248,111000,1
8400,6,3,1478,1,1,3,6,2,442,156500,2
6627,3,6,0,1,0,2,4,0,287,72500,1
10186,7,5,750,2,1,3,8,1,564,190000,2
5330,4,7,420,1,0,2,5,0,0,82500,1
9986,8,5,1795,2,0,2,7,1,895,147000,2
3636,4,4,796,1,0,2,5,0,0,55000,1
4270,3,6,544,1,0,3,6,0,0,79000,1
6600,5,9,816,1,0,3,5,1,264,130500,2
10440,6,7,1510,2,0,5,8,2,520,256000,3
9084,7,5,935,2,1,3,8,1,462,176500,2
10000,8,5,1588,2,0,3,7,1,825,227000,2
10780,5,5,911,1,0,3,6,0,576,132500,2
8877,4,6,816,1,0,2,3,1,288,100000,1
7200,5,6,803,1,1,2,6,0,297,125500,2
2368,5,6,765,1,1,3,7,0,440,125000,2
9650,6,5,1350,2,0,2,6,1,630,167900,2
9246,5,5,1656,2,0,4,8,0,506,135000,2
4118,4,4,693,1,0,2,4,0,0,52500,1
13450,7,5,916,2,1,3,8,0,492,200000,2
9560,5,7,864,1,0,3,5,0,288,128500,2
8294,4,5,858,1,0,3,5,0,480,123000,2
13695,6,5,1114,1,0,3,6,0,576,155000,2
9375,8,5,1284,2,1,3,7,1,647,228500,2
7558,6,6,896,1,1,3,9,1,342,177000,2
11103,7,5,728,2,1,3,8,1,440,155835,2
6000,4,4,960,1,0,2,5,0,308,108500,1
20781,7,7,1568,2,0,3,9,1,508,262500,3
15306,8,5,1732,2,0,3,7,1,712,283463,3
16196,7,5,1482,2,0,3,5,1,514,215000,2
5250,8,5,684,2,0,4,8,0,0,122000,2
11643,5,5,1248,2,2,6,12,0,968,200000,2
9247,6,6,858,1,1,4,8,1,490,171000,2
6000,6,9,698,1,0,2,4,0,624,134900,2
14720,8,5,2033,2,1,4,9,1,666,410000,3
10316,7,5,992,2,1,3,7,1,839,235000,3
10192,7,6,570,3,0,4,8,1,487,170000,2
9477,5,5,864,1,0,3,5,0,264,110000,1
12537,5,6,1078,1,1,3,6,1,500,149900,2
2117,6,5,756,2,1,3,5,0,440,177500,2
16737,9,5,1980,2,0,3,8,1,770,315000,3
9842,5,6,612,3,1,4,8,0,621,189000,2
16158,7,5,1530,2,0,3,7,1,430,260000,3
12513,4,4,715,2,0,4,7,1,368,104900,1
8499,6,5,616,2,1,3,6,1,432,156932,2
3180,7,5,600,2,1,2,4,0,480,144152,2
7500,7,5,814,2,1,3,7,0,663,216000,2
9179,7,5,873,2,1,3,7,0,588,193000,2
2665,5,6,757,2,0,4,6,1,336,127000,2
4435,6,5,848,1,0,1,4,0,420,144000,2
10635,8,5,1657,2,0,3,8,1,502,232000,3
5400,4,6,840,1,0,2,6,0,338,105000,1
9600,6,6,992,1,0,3,8,1,377,165500,2
9750,7,6,1108,2,1,3,8,1,583,274300,3
11400,10,5,2633,2,1,2,8,2,804,466500,3
10625,7,5,1026,2,1,3,9,1,936,250000,3
10991,8,5,1571,2,0,3,7,1,722,239000,3
6292,6,5,768,1,0,2,4,0,160,91000,1
10998,5,5,984,2,0,3,6,0,660,117000,1
1953,6,5,483,1,1,2,5,0,264,83000,1
9735,5,5,384,2,1,3,7,0,400,167500,2
8212,3,3,864,1,0,2,5,0,200,58500,1
12925,6,7,1205,2,1,4,7,2,550,237500,3
7200,7,7,596,1,1,4,8,0,576,157000,2
25339,5,7,816,2,0,3,7,0,576,112000,1
9060,6,5,560,1,0,2,6,0,280,105000,1
5436,4,8,796,1,0,3,7,0,240,125500,2
16692,7,5,1392,3,1,5,12,2,564,250000,3
8520,6,7,714,2,0,5,10,1,216,136000,2
14892,9,5,1746,2,0,3,7,2,758,377500,3
6000,6,6,735,1,0,3,6,1,440,131000,2
9100,7,5,1525,2,0,3,6,0,541,235000,3
8944,5,5,1584,2,0,4,8,0,792,124000,2
7838,5,5,864,1,0,3,6,1,288,123000,2
10800,6,7,482,2,0,3,7,1,672,163000,2
4045,7,5,1356,2,0,2,6,1,648,246578,3
12665,8,5,1094,2,1,4,9,1,642,281213,3
57200,5,5,747,1,0,3,7,2,572,160000,2
6120,5,8,939,1,1,4,8,0,180,137500,2
7200,5,4,1208,1,1,3,7,0,240,138000,2
6171,6,6,976,2,1,3,7,1,216,137450,2
6000,6,7,862,1,0,3,5,1,208,120000,2
7415,6,5,839,2,1,3,8,1,398,193000,2
6762,7,5,1286,2,0,2,6,1,662,193879,2
15256,8,5,1485,2,0,3,6,0,754,282922,3
10410,3,4,672,1,0,3,6,0,936,105000,1
3842,8,5,1594,2,0,2,5,1,482,275000,3
8445,5,7,768,1,0,2,5,0,396,133000,2
8780,5,5,833,1,0,3,5,0,0,112000,1
7740,4,7,622,1,0,3,6,0,528,125500,2
20544,7,6,791,2,1,3,7,1,542,215000,2
12420,7,5,944,2,1,3,6,0,622,230000,2
9600,6,8,856,1,1,3,6,0,271,140000,2
7200,4,5,0,2,0,2,6,0,420,90000,1
10994,8,5,1844,2,0,2,7,1,620,257000,3
13053,6,7,833,1,1,4,8,1,370,207000,2
3635,7,5,1386,2,0,1,7,1,660,175900,2
11340,4,6,777,2,0,4,11,0,560,122500,2
16545,8,5,1284,2,1,3,7,1,1069,340000,3
9204,5,5,1144,1,1,3,6,0,336,124000,2
16381,6,5,1844,2,0,3,7,1,540,223000,2
11700,6,6,708,2,1,3,7,1,776,179900,2
4043,6,5,1069,2,0,2,4,1,440,127500,2
4435,6,5,848,1,0,1,3,0,420,136500,2
19690,6,7,697,2,0,4,8,1,432,274970,3
9503,5,5,1024,1,0,2,6,1,484,144000,2
10721,6,6,1252,1,0,3,7,0,528,142000,2
10944,7,5,1223,2,1,3,5,2,525,271000,3
10930,5,6,913,1,1,3,6,1,288,140000,2
7200,5,7,788,1,0,2,4,2,240,119000,2
12546,6,7,1440,2,0,3,7,1,467,182900,2
21930,5,5,732,2,1,4,7,1,372,192140,2
4928,6,6,958,2,0,2,5,0,440,143750,2
10800,4,6,656,2,0,4,5,0,216,64500,1
10261,6,5,936,2,1,3,8,1,451,186500,2
17400,5,5,1126,2,0,3,5,1,484,160000,2
8400,6,9,1319,1,1,3,7,1,462,174000,2
9000,4,6,864,1,0,3,5,0,528,120500,2
12444,8,5,1932,2,0,2,7,1,774,394617,3
7407,6,7,912,1,0,2,6,0,923,149700,2
11584,7,6,539,2,1,3,6,1,550,197000,2
11526,6,7,588,2,0,3,11,1,672,191000,2
4426,6,5,848,1,0,1,3,1,420,149300,2
11003,10,5,1017,2,1,3,10,1,812,310000,3
8854,6,6,952,1,0,2,4,1,192,121000,2
8500,7,5,1422,2,0,3,7,0,626,179600,2
8400,6,5,814,1,0,3,6,0,240,129000,2
26142,5,7,1188,1,0,3,6,0,312,157900,2
10000,8,5,1220,2,1,3,8,1,556,240000,3
11767,4,7,560,1,1,2,6,0,384,112000,1
1533,5,7,630,1,0,1,3,0,0,92000,1
9000,5,5,896,2,2,4,8,0,0,136000,2
9262,8,5,1573,2,0,3,7,1,840,287090,3
3675,5,5,547,1,0,2,5,0,525,145000,2
17217,5,5,1140,1,0,3,6,0,0,84500,1
7500,7,5,1221,2,0,2,6,0,400,185000,2
7917,6,5,953,2,1,3,7,1,460,175000,2
13175,6,6,1542,2,0,3,7,2,500,210000,2
9042,7,9,1152,2,0,4,9,2,252,266500,3
9717,5,6,1078,1,0,2,5,0,240,142125,2
9937,5,6,1256,1,1,3,6,0,276,147500,2
